{
  "per_scene": {
    "z1": {
      "Random": {
        "cm_mean": [
          [
            23212.666666666668,
            138.33333333333334
          ],
          [
            236.33333333333334,
            732.6666666666666
          ]
        ],
        "tn": 23212.666666666668,
        "fp": 138.33333333333334,
        "fn": 236.33333333333334,
        "tp": 732.6666666666666,
        "fpr": 0.005924086049134227,
        "fnr": 0.24389404884760923,
        "recall": 0.7561059511523908,
        "precision": 0.8411787217757366
      },
      "Standard AL": {
        "cm_mean": [
          [
            23237.333333333332,
            113.66666666666667
          ],
          [
            147.66666666666666,
            821.3333333333334
          ]
        ],
        "tn": 23237.333333333332,
        "fp": 113.66666666666667,
        "fn": 147.66666666666666,
        "tp": 821.3333333333334,
        "fpr": 0.004867742994589811,
        "fnr": 0.152390780873753,
        "recall": 0.847609219126247,
        "precision": 0.8784313725490196
      },
      "Unc+KernelKMeans": {
        "cm_mean": [
          [
            23219.666666666668,
            131.33333333333334
          ],
          [
            198.0,
            771.0
          ]
        ],
        "tn": 23219.666666666668,
        "fp": 131.33333333333334,
        "fn": 198.0,
        "tp": 771.0,
        "fpr": 0.005624313020141893,
        "fnr": 0.2043343653250774,
        "recall": 0.7956656346749226,
        "precision": 0.8544514222386406
      },
      "cAL r+=4": {
        "cm_mean": [
          [
            23058.333333333332,
            292.6666666666667
          ],
          [
            81.0,
            888.0
          ]
        ],
        "tn": 23058.333333333332,
        "fp": 292.6666666666667,
        "fn": 81.0,
        "tp": 888.0,
        "fpr": 0.012533367593108077,
        "fnr": 0.08359133126934984,
        "recall": 0.9164086687306502,
        "precision": 0.7521174477696216
      }
    },
    "z2": {
      "Random": {
        "cm_mean": [
          [
            5395.333333333333,
            59.666666666666664
          ],
          [
            184.66666666666666,
            316.3333333333333
          ]
        ],
        "tn": 5395.333333333333,
        "fp": 59.666666666666664,
        "fn": 184.66666666666666,
        "tp": 316.3333333333333,
        "fpr": 0.01093797739077299,
        "fnr": 0.36859614105123084,
        "recall": 0.631403858948769,
        "precision": 0.8413120567375886
      },
      "Standard AL": {
        "cm_mean": [
          [
            5405.333333333333,
            49.666666666666664
          ],
          [
            166.66666666666666,
            334.3333333333333
          ]
        ],
        "tn": 5405.333333333333,
        "fp": 49.666666666666664,
        "fn": 166.66666666666666,
        "tp": 334.3333333333333,
        "fpr": 0.009104796822487014,
        "fnr": 0.332667997338656,
        "recall": 0.667332002661344,
        "precision": 0.8706597222222222
      },
      "Unc+KernelKMeans": {
        "cm_mean": [
          [
            5403.0,
            52.0
          ],
          [
            177.0,
            324.0
          ]
        ],
        "tn": 5403.0,
        "fp": 52.0,
        "fn": 177.0,
        "tp": 324.0,
        "fpr": 0.009532538955087076,
        "fnr": 0.3532934131736527,
        "recall": 0.6467065868263473,
        "precision": 0.8617021276595744
      },
      "cAL r+=4": {
        "cm_mean": [
          [
            5142.333333333333,
            312.6666666666667
          ],
          [
            33.666666666666664,
            467.3333333333333
          ]
        ],
        "tn": 5142.333333333333,
        "fp": 312.6666666666667,
        "fn": 33.666666666666664,
        "tp": 467.3333333333333,
        "fpr": 0.05731744576840819,
        "fnr": 0.06719893546240852,
        "recall": 0.9328010645375915,
        "precision": 0.5991452991452991
      }
    },
    "e1": {
      "Random": {
        "cm_mean": [
          [
            9854.333333333334,
            47.666666666666664
          ],
          [
            43.333333333333336,
            454.6666666666667
          ]
        ],
        "tn": 9854.333333333334,
        "fp": 47.666666666666664,
        "fn": 43.333333333333336,
        "tp": 454.6666666666667,
        "fpr": 0.004813842321416548,
        "fnr": 0.08701472556894244,
        "recall": 0.9129852744310576,
        "precision": 0.9051094890510949
      },
      "Standard AL": {
        "cm_mean": [
          [
            9867.0,
            35.0
          ],
          [
            41.333333333333336,
            456.6666666666667
          ]
        ],
        "tn": 9867.0,
        "fp": 35.0,
        "fn": 41.333333333333336,
        "tp": 456.6666666666667,
        "fpr": 0.003534639466774389,
        "fnr": 0.08299866131191433,
        "recall": 0.9170013386880858,
        "precision": 0.9288135593220339
      },
      "Unc+KernelKMeans": {
        "cm_mean": [
          [
            9870.666666666666,
            31.333333333333332
          ],
          [
            43.333333333333336,
            454.6666666666667
          ]
        ],
        "tn": 9870.666666666666,
        "fp": 31.333333333333332,
        "fn": 43.333333333333336,
        "tp": 454.6666666666667,
        "fpr": 0.0031643439035885005,
        "fnr": 0.08701472556894244,
        "recall": 0.9129852744310576,
        "precision": 0.9355281207133059
      },
      "cAL r+=4": {
        "cm_mean": [
          [
            9829.666666666666,
            72.33333333333333
          ],
          [
            16.333333333333332,
            481.6666666666667
          ]
        ],
        "tn": 9829.666666666666,
        "fp": 72.33333333333333,
        "fn": 16.333333333333332,
        "tp": 481.6666666666667,
        "fpr": 0.00730492156466707,
        "fnr": 0.03279785809906292,
        "recall": 0.9672021419009371,
        "precision": 0.8694344163658243
      }
    },
    "e2": {
      "Random": {
        "cm_mean": [
          [
            9132.0,
            18.0
          ],
          [
            123.33333333333333,
            216.66666666666666
          ]
        ],
        "tn": 9132.0,
        "fp": 18.0,
        "fn": 123.33333333333333,
        "tp": 216.66666666666666,
        "fpr": 0.0019672131147540984,
        "fnr": 0.3627450980392157,
        "recall": 0.6372549019607843,
        "precision": 0.9232954545454546
      },
      "Standard AL": {
        "cm_mean": [
          [
            9136.0,
            14.0
          ],
          [
            137.33333333333334,
            202.66666666666666
          ]
        ],
        "tn": 9136.0,
        "fp": 14.0,
        "fn": 137.33333333333334,
        "tp": 202.66666666666666,
        "fpr": 0.0015300546448087432,
        "fnr": 0.403921568627451,
        "recall": 0.596078431372549,
        "precision": 0.9353846153846154
      },
      "Unc+KernelKMeans": {
        "cm_mean": [
          [
            9136.333333333334,
            13.666666666666666
          ],
          [
            109.0,
            231.0
          ]
        ],
        "tn": 9136.333333333334,
        "fp": 13.666666666666666,
        "fn": 109.0,
        "tp": 231.0,
        "fpr": 0.001493624772313297,
        "fnr": 0.3205882352941177,
        "recall": 0.6794117647058824,
        "precision": 0.944141689373297
      },
      "cAL r+=4": {
        "cm_mean": [
          [
            9065.666666666666,
            84.33333333333333
          ],
          [
            48.333333333333336,
            291.6666666666667
          ]
        ],
        "tn": 9065.666666666666,
        "fp": 84.33333333333333,
        "fn": 48.333333333333336,
        "tp": 291.6666666666667,
        "fpr": 0.009216757741347904,
        "fnr": 0.14215686274509803,
        "recall": 0.857843137254902,