{
  "rx_detector": {
    "per_image": {
      "z1": {
        "auc": 0.9469803953643797,
        "f1": 0.6223791566678094,
        "prec": 0.556841046277666,
        "rec": 0.7054023810263902,
        "kappa": 0.6049514900459838
      },
      "z2": {
        "auc": 0.9136729831349857,
        "f1": 0.5351322518436179,
        "prec": 0.7203643448220455,
        "rec": 0.42567547519153054,
        "kappa": 0.503952211479989
      },
      "e1": {
        "auc": 0.9542729347268846,
        "f1": 0.6293181295040459,
        "prec": 0.6114787755055227,
        "rec": 0.6482296580905598,
        "kappa": 0.6104067072536987
      },
      "e2": {
        "auc": 0.9490065861845127,
        "f1": 0.6284495109948296,
        "prec": 0.521733509166602,
        "rec": 0.790046595403109,
        "kappa": 0.6130597187507356
      }
    },
    "mean": {
      "auc": 0.9409832248526907,
      "f1": 0.6038197622525756,
      "prec": 0.602604418942959,
      "rec": 0.6423385274278973,
      "kappa": 0.5830925318826018
    }
  },
  "multi_classifier": {
    "B+R": {
      "RF": {
        "avg": {
          "auc": 0.9426674435763889,
          "f1": 0.7393618178326427,
          "kappa": 0.6295625
        },
        "std": {
          "auc": 0.023276830586090976,
          "f1": 0.26244044813556594,
          "kappa": 0.2699584161328782
        },
        "folds": [
          {
            "test": "z1",
            "auc": 0.9038914409722223,
            "f1": 0.2863869863013699,
            "kappa": 0.16649999999999998
          },
          {
            "test": "z2",
            "auc": 0.9452011458333333,
            "f1": 0.8568699804645106,
            "kappa": 0.72525
          },
          {
            "test": "e1",
            "auc": 0.9602920173611112,
            "f1": 0.8962175143665837,
            "kappa": 0.7983333333333333
          },
          {
            "test": "e2",
            "auc": 0.9612851701388889,
            "f1": 0.9179727901981064,
            "kappa": 0.8281666666666667
          }
        ]
      },
      "SVM": {
        "avg": {
          "auc": 0.33824090538194435,
          "f1": 0.4250776576709756,
          "kappa": -0.345
        },
        "std": {
          "auc": 0.3680217315840867,
          "f1": 0.21954473715313264,
          "kappa": 0.2963565385083762
        },
        "folds": [
          {
            "test": "z1",
            "auc": 0.9750242534722221,
            "f1": 0.6666666666666666,
            "kappa": 0.0
          },
          {
            "test": "z2",
            "auc": 0.15307050694444446,
            "f1": 0.6193641202704647,
            "kappa": -0.1024166666666666
          },
          {
            "test": "e1",
            "auc": 0.11336788194444444,
            "f1": 0.2362378106322743,
            "kappa": -0.6186666666666667
          },
          {
            "test": "e2",
            "auc": 0.11150097916666667,
            "f1": 0.17804203311449687,
            "kappa": -0.6589166666666666
          }
        ]
      },
      "XGB": {
        "avg": {
          "auc": 0.9083975902777777,
          "f1": 0.7173616971673741,
          "kappa": 0.619875
        },
        "std": {
          "auc": 0.09066422655147216,
          "f1": 0.3089266622798257,
          "kappa": 0.30225427060212434
        },
        "folds": [
          {
            "test": "z1",
            "auc": 0.7517024305555555,
            "f1": 0.1836750132385203,
            "kappa": 0.10075
          },
          {
            "test": "z2",
            "auc": 0.9510520243055557,
            "f1": 0.8594054264572245,
            "kappa": 0.72925
          },
          {
            "test": "e1",
            "auc": 0.9669329652777777,
            "f1": 0.9080484360960164,
            "kappa": 0.8209166666666666
          },
          {
            "test": "e2",
            "auc": 0.9639029409722222,
            "f1": 0.918317912877735,
            "kappa": 0.8285833333333333
          }
        ]
      },
      "MLP": {
        "avg": {
          "auc": 0.9603494913194445,
          "f1": 0.756349900244136,
          "kappa": 0.6462291666666666
        },
        "std": {
          "auc": 0.011752881759801586,
          "f1": 0.2444009929299779,
          "kappa": 0.2594468299133434
        },
        "folds": [
          {
            "test": "z1",
            "auc": 0.9443082881944443,
            "f1": 0.33393401718879956,
            "kappa": 0.19916666666666671
          },
          {
            "test": "z2",
            "auc": 0.9539566979166667,
            "f1": 0.8718944099378882,
            "kappa": 0.7525
          },
          {
            "test": "e1",
            "auc": 0.9704065729166668,
            "f1": 0.9044634863793324,
            "kappa": 0.81325
          },
          {
            "test": "e2",
            "auc": 0.97272640625,
            "f1": 0.9151076874705235,
            "kappa": 0.8200000000000001
          }
        ]
      }
    },
    "G+R+N": {
      "RF": {
        "avg": {
          "auc": 0.9466257491319443,
          "f1": 0.7036979630728964,
          "kappa": 0.6226041666666666
        },
        "std": {
          "auc": 0.023926347405974723,
          "f1": 0.35476669199196015,
          "kappa": 0.33278497277917896
        },
        "folds": [
          {
            "test": "z1",
            "auc": 0.9075996805555554,
            "f1": 0.08928855642209135,
            "kappa": 0.04633333333333334
          },
          {
            "test": "z2",
            "auc": 0.9502060243055556,
            "f1": 0.9090691648395456,
            "kappa": 0.8099166666666666
          },
          {
            "test": "e1",
            "auc": 0.9722804131944445,
            "f1": 0.9009628610729024,
            "kappa": 0.808
          },
          {
            "test": "e2",
            "auc": 0.9564168784722221,
            "f1": 0.9154712699570468,
            "kappa": 0.8261666666666667
          }
        ]
      },
      "SVM": {
        "avg": {
          "auc": 0.6281244557291666,
          "f1": 0.5760905481960934,
          "kappa": 0.1583125
        },
        "std": {
          "auc": 0.2692195363903328,
          "f1": 0.11903258961860268,
          "kappa": 0.31926497819535943
        },
        "folds": [
          {
            "test": "z1",
            "auc": 0.9746344375,
            "f1": 0.6989200863930886,
            "kappa": 0.5353333333333333
          },
          {
            "test": "z2",
            "auc": 0.266293125,
            "f1": 0.4184717208182912,
            "kappa": -0.2886666666666666
          },
          {
            "test": "e1",
            "auc": 0.4964865590277777,
            "f1": 0.5036545408720491,
            "kappa": 0.01533333333333331
          },
          {
            "test": "e2",
            "auc": 0.7750837013888888,
            "f1": 0.6833158447009444,
            "kappa": 0.37124999999999997
          }
        ]
      },
      "XGB": {
        "avg": {
          "auc": 0.9439839184027778,
          "f1": 0.6956523342797369,
          "kappa": 0.6074583333333333
        },
        "std": {
          "auc": 0.029114875056913035,
          "f1": 0.3472314532226397,
          "kappa": 0.3234435459714037
        },
        "folds": [
          {
            "test": "z1",
            "auc": 0.8937133506944446,
            "f1": 0.09538925482104595,
            "kappa": 0.05008333333333337
          },
          {
            "test": "z2",
            "auc": 0.9587824583333334,
            "f1": 0.9127012380839366,
            "kappa": 0.8160833333333333
          },
          {
            "test": "e1",
            "auc": 0.9644988402777778,
            "f1": 0.8605556301167628,
            "kappa": 0.7402500000000001
          },
          {
            "test": "e2",
            "auc": 0.9589410243055556,
            "f1": 0.9139632140972025,
            "kappa": 0.8234166666666667
          }
        ]
      },