{
  "model": "SpectralGAT-Conformal-v2",
  "config": {
    "alpha": 0.1,
    "hidden": 64,
    "heads": 4,
    "epochs": 150,
    "focal_gamma": 2.0,
    "batch_nodes": 512,
    "lam_rec": 0.2
  },
  "loco_cv": [
    {
      "name": "z1",
      "auc": 0.5000064238453138,
      "ap": 0.03983321614053267,
      "f1": 0.0,
      "kappa": 0.0,
      "prec": 0.0,
      "rec": 0.0,
      "oa": 0.9601672752393171,
      "coverage": 0.9601672752393171,
      "uncertain_pct": 0.0
    },
    {
      "name": "z2",
      "auc": 0.4999724987624443,
      "ap": 0.08403446017431608,
      "f1": 0.155040200771483,
      "kappa": 0.0,
      "prec": 0.08403446017431608,
      "rec": 1.0,
      "oa": 0.08403446017431608,
      "coverage": 0.9999496196281928,
      "uncertain_pct": 99.99496196281929
    },
    {
      "name": "e1",
      "auc": 0.519424975684367,
      "ap": 0.050397236401873685,
      "f1": 0.09139237019694257,
      "kappa": 5.512797185824869e-05,
      "prec": 0.04788431564971425,
      "rec": 1.0,
      "oa": 0.04840617337371989,
      "coverage": 1.0,
      "uncertain_pct": 100.0
    },
    {
      "name": "e2",
      "auc": 0.9624713139350736,
      "ap": 0.5988681115437144,
      "f1": 0.24821995837441121,
      "kappa": 0.19788951513876174,
      "prec": 0.14169584792396198,
      "rec": 1.0,
      "oa": 0.7830293066928014,
      "coverage": 0.724763681198824,
      "uncertain_pct": 0.0
    }
  ],
  "averages": {
    "auc": 0.6204688030567997,
    "ap": 0.1932832560651092,
    "f1": 0.12366313233570919,
    "kappa": 0.049486160777655,
    "coverage": 0.9212201440165835,
    "uncertain_pct": 49.99874049070482
  },
  "band_importance": {
    "Blue(475)": 0.10857662558555603,
    "Green(560)": 0.06921373307704926,
    "Red(668)": 0.11449391767382622,
    "RedEdge(717)": 0.05080524459481239,
    "NIR(840)": 0.15690862014889717
  },
  "spectral_attention": {
    "mean": {
      "Blue(475)": 0.22309790551662445,
      "Green(560)": 0.14547334611415863,
      "Red(668)": 0.22903652489185333,
      "RedEdge(717)": 0.17318309843540192,
      "NIR(840)": 0.2292030304670334
    },
    "std": {
      "Blue(475)": 0.03741917759180069,
      "Green(560)": 0.026029812172055244,
      "Red(668)": 0.062057189643383026,
      "RedEdge(717)": 0.05944810435175896,
      "NIR(840)": 0.05027526617050171
    }
  }
}