{
  "global": {
    "Blue(475)": 0.11701131556206884,
    "Green(560)": 0.03495209418583971,
    "Red(668)": 0.2256668490601487,
    "RedEdge(717)": 0.02294892614835395,
    "NIR(840)": 0.13216970845625656
  },
  "rank": [
    "Red(668)",
    "NIR(840)",
    "Blue(475)",
    "Green(560)",
    "RedEdge(717)"
  ],
  "anomaly_shap": {
    "Blue(475)": 0.11176134307422725,
    "Green(560)": 0.04060597846228571,
    "Red(668)": 0.2464761627532511,
    "RedEdge(717)": 0.020742261051467262,
    "NIR(840)": 0.13413444707495847
  },
  "normal_shap": {
    "Blue(475)": 0.12239419874580565,
    "Green(560)": 0.029155073598597665,
    "Red(668)": 0.20433071729886673,
    "RedEdge(717)": 0.02521145618440228,
    "NIR(840)": 0.13015522961935977
  },
  "signed": {
    "Blue(475)": -0.016230139445240245,
    "Green(560)": 0.0046371923588802485,
    "Red(668)": 0.01459690567106242,
    "RedEdge(717)": -0.0033757137643783434,
    "NIR(840)": 0.0031785728412497705
  },
  "per_image": {
    "z1": {
      "Blue(475)": 0.16309970288309306,
      "Green(560)": 0.04462588113255119,
      "Red(668)": 0.1390434062616389,
      "RedEdge(717)": 0.03273956455421938,
      "NIR(840)": 0.16566024826001877
    },
    "z2": {
      "Blue(475)": 0.09771175135072863,
      "Green(560)": 0.03125826583614741,
      "Red(668)": 0.24111063280334363,
      "RedEdge(717)": 0.017172682036375255,
      "NIR(840)": 0.12833764188863156
    },
    "e1": {
      "Blue(475)": 0.10587003567768935,
      "Green(560)": 0.030176681902842208,
      "Red(668)": 0.22241284250328722,
      "RedEdge(717)": 0.018123776405800443,
      "NIR(840)": 0.13010773187381042
    },
    "e2": {
      "Blue(475)": 0.09645214137991007,
      "Green(560)": 0.032556274264479365,
      "Red(668)": 0.2911397929570752,
      "RedEdge(717)": 0.016509714147827946,
      "NIR(840)": 0.09483351161335697
    }
  }
}